<?xml version="1.0" encoding="UTF-8"?><rss version="2.0"
	xmlns:content="http://purl.org/rss/1.0/modules/content/"
	xmlns:wfw="http://wellformedweb.org/CommentAPI/"
	xmlns:dc="http://purl.org/dc/elements/1.1/"
	xmlns:atom="http://www.w3.org/2005/Atom"
	xmlns:sy="http://purl.org/rss/1.0/modules/syndication/"
	xmlns:slash="http://purl.org/rss/1.0/modules/slash/"
	>

<channel>
	<title>Shop - MIRAMONDO VIAGGI</title>
	<atom:link href="http://localhost/Eserciziolunedi/shop/feed/?simply_static_page=89" rel="self" type="application/rss+xml" />
	<link></link>
	<description></description>
	<lastBuildDate>Mon, 06 Mar 2023 15:10:07 +0000</lastBuildDate>
	<language>it-IT</language>
	<sy:updatePeriod>
	hourly	</sy:updatePeriod>
	<sy:updateFrequency>
	1	</sy:updateFrequency>
	<generator>https://wordpress.org/?v=6.1.1</generator>

<image>
	<url>/wp-content/uploads/2017/07/cropped-belinni-favicon-80x80.png</url>
	<title>Shop - MIRAMONDO VIAGGI</title>
	<link></link>
	<width>32</width>
	<height>32</height>
</image> 
	<item>
		<title>Praga</title>
		<link>/product/pacchetto-vacanze-praga/</link>
					<comments>/product/pacchetto-vacanze-praga/#respond</comments>
		
		<dc:creator><![CDATA[Stefano]]></dc:creator>
		<pubDate>Wed, 24 May 2017 11:30:41 +0000</pubDate>
				<guid isPermaLink="false">http://belinni.pixel-show.com/?post_type=product&#038;p=401</guid>

					<description><![CDATA[<p>Ecco un possibile pacchetto vacanze a Praga di 2 notti:</p>
<p>Giorno 1: Arrivo a Praga e trasferimento all'hotel prenotato. Dopo il check-in e un po' di riposo, si può iniziare a scoprire la città. Si può fare una passeggiata lungo il famoso Ponte Carlo, visitare la Piazza della Città Vecchia, dove si trova l'orologio astronomico, e ammirare la Torre della Polvere. Si può anche fare una visita alla Cattedrale di San Vito, il più grande edificio religioso di Praga. In serata, si può godere della cucina tradizionale ceca in uno dei numerosi ristoranti della città...</p>
<p>L'articolo <a rel="nofollow" href="/product/pacchetto-vacanze-praga/">Praga</a> proviene da <a rel="nofollow" href="">MIRAMONDO VIAGGI</a>.</p>
]]></description>
										<content:encoded><![CDATA[<p>Ecco un possibile pacchetto vacanze a Praga di 2 notti:</p>
<p>Giorno 1: Arrivo a Praga e trasferimento all&#8217;hotel prenotato. Dopo il check-in e un po&#8217; di riposo, si può iniziare a scoprire la città. Si può fare una passeggiata lungo il famoso Ponte Carlo, visitare la Piazza della Città Vecchia, dove si trova l&#8217;orologio astronomico, e ammirare la Torre della Polvere. Si può anche fare una visita alla Cattedrale di San Vito, il più grande edificio religioso di Praga. In serata, si può godere della cucina tradizionale ceca in uno dei numerosi ristoranti della città.</p>
<p>Giorno 2: Il secondo giorno, si può visitare il Castello di Praga, uno dei simboli più importanti della città. Si può anche visitare il quartiere ebraico di Josefov, dove si trovano la Sinagoga Vecchia-Nuova e il cimitero ebraico. Nel pomeriggio, si può fare una crociera sul fiume Vltava per ammirare la città dall&#8217;acqua. In serata, si può godere della vita notturna di Praga, famosa per i suoi pub e bar.</p>
<p>Giorno 3: Dopo la prima colazione, si può fare un&#8217;ultima passeggiata nella città e acquistare qualche souvenir. Poi, trasferimento in aeroporto per il volo di ritorno.</p>
<p>Questo è solo un esempio di come potrebbe essere un pacchetto vacanze a Praga di 2 notti. Ovviamente, ci sono molte altre attività e luoghi da visitare in questa bellissima città, quindi si può personalizzare il pacchetto a seconda dei propri gusti e interessi.</p>
<p>L'articolo <a rel="nofollow" href="/product/pacchetto-vacanze-praga/">Praga</a> proviene da <a rel="nofollow" href="">MIRAMONDO VIAGGI</a>.</p>
]]></content:encoded>
					
					<wfw:commentRss>/product/pacchetto-vacanze-praga/feed/</wfw:commentRss>
			<slash:comments>0</slash:comments>
		
		
			</item>
		<item>
		<title>Sardegna Sud</title>
		<link>/product/pacchetto-vacanze-sardegna-sud/</link>
					<comments>/product/pacchetto-vacanze-sardegna-sud/#respond</comments>
		
		<dc:creator><![CDATA[Stefano]]></dc:creator>
		<pubDate>Wed, 24 May 2017 11:27:14 +0000</pubDate>
				<guid isPermaLink="false">http://belinni.pixel-show.com/?post_type=product&#038;p=400</guid>

					<description><![CDATA[<p>Ecco un possibile pacchetto vacanze in Sardegna Sud:</p>
<p>Giorno 1: Arrivo a Cagliari Arrivo all'aeroporto di Cagliari e trasferimento in hotel a Chia, una località sulla costa sud-occidentale della Sardegna famosa per le sue spiagge di sabbia bianca e mare cristallino. Tempo libero per esplorare il paesino e la spiaggia di Chia...</p>
<p>L'articolo <a rel="nofollow" href="/product/pacchetto-vacanze-sardegna-sud/">Sardegna Sud</a> proviene da <a rel="nofollow" href="">MIRAMONDO VIAGGI</a>.</p>
]]></description>
										<content:encoded><![CDATA[<div class="w-full border-b border-black/10 dark:border-gray-900/50 text-gray-800 dark:text-gray-100 group bg-gray-50 dark:bg-[#444654]">
<div class="text-base gap-4 md:gap-6 m-auto md:max-w-2xl lg:max-w-2xl xl:max-w-3xl p-4 md:py-6 flex lg:px-0">
<div class="relative flex w-[calc(100%-50px)] flex-col gap-1 md:gap-3 lg:w-[calc(100%-115px)]">
<div class="flex flex-grow flex-col gap-3">
<div class="min-h-[20px] flex flex-col items-start gap-4 whitespace-pre-wrap">
<div class="markdown prose w-full break-words dark:prose-invert light">
<p>Giorno 1: Arrivo a Cagliari Arrivo all&#8217;aeroporto di Cagliari e trasferimento in hotel a Chia, una località sulla costa sud-occidentale della Sardegna famosa per le sue spiagge di sabbia bianca e mare cristallino. Tempo libero per esplorare il paesino e la spiaggia di Chia.</p>
<p>Giorno 2-4: Giornate a Chia Giornate dedicate al relax in spiaggia o alla scoperta delle bellezze naturali della zona circostante. Potrete visitare le spiagge di Su Giudeu, Cala Cipolla, Tuerredda o Magdalena, fare un&#8217;escursione nel vicino Parco Regionale di Monte Arcosu o visitare il sito archeologico di Nora.</p>
<p>Giorno 5: Gita a Pula e Chiesa di Sant&#8217;Efisio Trasferimento a Pula, un pittoresco paese a circa 20 km da Chia, famoso per il suo anfiteatro romano ben conservato. Dopo la visita, potrete assistere alla processione della Chiesa di Sant&#8217;Efisio, una delle feste religiose più importanti della Sardegna.</p>
<p>Giorno 6-7: Giornate a Villasimius Trasferimento a Villasimius, una località turistica situata sulla costa sud-orientale della Sardegna. Qui potrete trascorrere le giornate in spiaggia, fare un&#8217;escursione al Parco Naturale di Capo Carbonara o visitare il piccolo centro storico del paese.</p>
<p>Giorno 8: Partenza Trasferimento all&#8217;aeroporto di Cagliari per la partenza.</p>
<p>Questo è solo un esempio di pacchetto vacanze in Sardegna Sud e potrebbe essere personalizzato in base alle vostre esigenze e preferenze. Ci sono molte altre località meravigliose da scoprire nella zona, come la Spiaggia di Porto Giunco o le Grotte di Is Zuddas. In ogni caso, la Sardegna Sud è un luogo perfetto per trascorrere una vacanza all&#8217;insegna del mare, della natura e della cultura.</p>
</div>
</div>
</div>
<div class="flex justify-between">
<div class="text-gray-400 flex self-end lg:self-center justify-center mt-2 gap-3 md:gap-4 lg:gap-1 lg:absolute lg:top-0 lg:translate-x-full lg:right-0 lg:mt-0 lg:pl-2 visible"></div>
</div>
</div>
</div>
</div>
<p>L'articolo <a rel="nofollow" href="/product/pacchetto-vacanze-sardegna-sud/">Sardegna Sud</a> proviene da <a rel="nofollow" href="">MIRAMONDO VIAGGI</a>.</p>
]]></content:encoded>
					
					<wfw:commentRss>/product/pacchetto-vacanze-sardegna-sud/feed/</wfw:commentRss>
			<slash:comments>0</slash:comments>
		
		
			</item>
		<item>
		<title>Creta</title>
		<link>/product/creta/</link>
					<comments>/product/creta/#respond</comments>
		
		<dc:creator><![CDATA[Stefano]]></dc:creator>
		<pubDate>Wed, 24 May 2017 11:24:47 +0000</pubDate>
				<guid isPermaLink="false">http://belinni.pixel-show.com/?post_type=product&#038;p=399</guid>

					<description><![CDATA[<p>Pacchetto vacanze a Creta - 7 notti</p>
<p>Giorno 1: Arrivo all'aeroporto di Heraklion, trasferimento in hotel a Rethymno, sistemazione in camera doppia con prima colazione inclusa...</p>
<p>L'articolo <a rel="nofollow" href="/product/creta/">Creta</a> proviene da <a rel="nofollow" href="">MIRAMONDO VIAGGI</a>.</p>
]]></description>
										<content:encoded><![CDATA[<p>Pacchetto vacanze a Creta &#8211; 7 notti</p>
<p>Giorno 1: Arrivo all&#8217;aeroporto di Heraklion, trasferimento in hotel a Rethymno, sistemazione in camera doppia con prima colazione inclusa.</p>
<p>Giorno 2-6: Giorni liberi per goderti la bellezza di Creta. Puoi visitare il porto veneziano di Rethymno, fare una passeggiata sulla spiaggia di sabbia dorata o esplorare i dintorni della città. Inoltre, ti suggeriamo di visitare il sito archeologico di Knossos, il Museo Archeologico di Heraklion e la città di Chania con il suo pittoresco porto veneziano.</p>
<p>Giorno 7: Giorno libero, puoi decidere di rilassarti in spiaggia o fare qualche ultimo acquisto.</p>
<p>Giorno 8: Trasferimento in aeroporto per il volo di ritorno.</p>
<p>Il pacchetto include:</p>
<ul>
<li>Volo di andata e ritorno da/per l&#8217;aeroporto di Heraklion</li>
<li>Trasferimenti da/per l&#8217;aeroporto</li>
<li>7 notti in hotel a Rethymno con prima colazione inclusa</li>
<li>Assistenza durante il soggiorno</li>
</ul>
<p>Il pacchetto non include:</p>
<ul>
<li>Tasse aeroportuali e tasse locali</li>
<li>Escursioni opzionali</li>
<li>Pasti e bevande non inclusi nella colazione dell&#8217;hotel</li>
<li>Assicurazione viaggio</li>
</ul>
<p>Spero che questo pacchetto vacanze a Creta ti piaccia e ti possa essere utile per programmare la tua prossima vacanza!</p>
<p>L'articolo <a rel="nofollow" href="/product/creta/">Creta</a> proviene da <a rel="nofollow" href="">MIRAMONDO VIAGGI</a>.</p>
]]></content:encoded>
					
					<wfw:commentRss>/product/creta/feed/</wfw:commentRss>
			<slash:comments>0</slash:comments>
		
		
			</item>
	</channel>
</rss>
